Workbook
Name a: [1]ISA3월!$D$16135
Name Visual_FoxPro_Tables_Query: 기계!#REF!
Name Visual_FoxPro_Tables_Query_1: 기계!#REF!
Name Visual_FoxPro_Tables_Query_2: 기계!#REF!
Name Visual_FoxPro_Tables_Query_3: 기계!#REF!

Sheet 견적서
B1: 견 적 서
B4: 회사명㈜ 귀중
B5: 담당자 : 대상업체 담당자 직위 | F5: 대표자 : 김종호 대표이사 (인)
B6: 부 서 : 구매팀 | F6: 사업자등록번호 : 000-00-00000
B7: =기계!Q18 -> YYYY-MM-DD | F7: 주소 : 경남 진주시 뿌리산단로 15번길24
B8: 사업명 : 사업명 | F8: 전화번호 : 055-761-3767
B9: 아래와 같이 견적합니다. | F9: 담당자 : 김병환 이사
B14: No | C14: 품 번 | E14: 품 명 | G14: 견적 단가
B15: =ROW()-14 -> 1 | C15: =기계!$C7 -> 0 | E15: =기계!$D7 -> 0 | G15: =기계!$X7 -> 0
B16: =ROW()-14 -> 2 | C16: =기계!$C8 -> 0 | E16: =기계!$D8 -> 0 | G16: =기계!$X8 -> 0
B17: =ROW()-14 -> 3 | C17: =기계!$C9 -> 0 | E17: =기계!$D9 -> 0 | G17: =기계!$X9 -> 0
B18: =ROW()-14 -> 4 | C18: =기계!$C10 -> 0 | E18: =기계!$D10 -> 0 | G18: =기계!$X10 -> 0
B19: =ROW()-14 -> 5 | C19: =기계!$C11 -> 0 | E19: =기계!$D11 -> 0 | G19: =기계!$X11 -> 0
B20: =ROW()-14 -> 6 | C20: =기계!$C12 -> 0 | E20: =기계!$D12 -> 0 | G20: =기계!$X12 -> 0
B21: =ROW()-14 -> 7 | C21: =기계!$C13 -> 0 | E21: =기계!$D13 -> 0 | G21: =기계!$X13 -> 0
B22: =ROW()-14 -> 8 | C22: =기계!$C14 -> 0 | E22: =기계!$D14 -> 0 | G22: =기계!$X14 -> 0
B23: =ROW()-14 -> 9 | C23: =기계!$C15 -> 0 | E23: =기계!$D15 -> 0 | G23: =기계!$X15 -> 0
B24: =ROW()-14 -> 10 | C24: =기계!$C16 -> 0 | E24: =기계!$D16 -> 0 | G24: =기계!$X16 -> 0
B25: =ROW()-14 -> 11 | C25: =기계!$C17 -> 0 | E25: =기계!$D17 -> 0 | G25: =기계!$X17 -> 0
B26: =ROW()-14 -> 12 | C26: =기계!$C18 -> 0 | E26: =기계!$D18 -> coment : | G26: =기계!$X18 -> 0
... B56: =ROW()-14 -> 42 | C56: =기계!$C48 -> 0 | E56: =기계!$D48 -> 0 | G56: =기계!$X48 -> 0
B57: 합 계 | G57: =기계!$X14 -> 0

Sheet 기계
A1: 제목 : 견적 제출 건
A2: 아래와 같이 최종견적 선정합니다.
L5: 70000 | M5: 50000 | N5: 40000 | O5: 35000 | P5: 20000 | Q5: 15600 | R5: 30000 | S5: 35000 | T5: 35000 | U5: 35000
A6: NO | B6: 기종 | C6: 품번 | D6: 품명 | E6: Coment | F6: 가능여부 | G6: Qty | H6: Material | I6: Size | L6: 5축 NC | M6: 4축 | N6: 3축 NC | O6: NC 선반 | P6: 범용 | Q6: 사상 | R6: CMM | S6: 연삭 or 와이어 | T6: 치구 | U6: 프로그램 | V6: SUM | W6: 단가 | X6: 최종단가
A7: =ROW()-6 -> 1 | V7: =SUM($L7:$U7) -> 0 | W7: =(L7*$L$5+M7*$M$5+N7*$N$5+O7*$O$5+P7*$P$5+Q7*$Q$5+R7*$R$5+U7*$U$5+S7*$S$5+$T$5*T7)*$G7 -> 0 | X7: =ROUNDDOWN($W7,-3) -> 0
A8: =ROW()-6 -> 2 | V8: =SUM($L8:$U8) -> 0 | W8: =(L8*$L$5+M8*$M$5+N8*$N$5+O8*$O$5+P8*$P$5+Q8*$Q$5+R8*$R$5+U8*$U$5+S8*$S$5+$T$5*T8)*$G8 -> 0 | X8: =ROUNDDOWN($W8,-3) -> 0
A9: =ROW()-6 -> 3 | V9: =SUM($L9:$U9) -> 0 | W9: =(L9*$L$5+M9*$M$5+N9*$N$5+O9*$O$5+P9*$P$5+Q9*$Q$5+R9*$R$5+U9*$U$5+S9*$S$5+$T$5*T9)*$G9 -> 0 | X9: =ROUNDDOWN($W9,-3) -> 0
A10: =ROW()-6 -> 4 | V10: =SUM($L10:$U10) -> 0 | W10: =(L10*$L$5+M10*$M$5+N10*$N$5+O10*$O$5+P10*$P$5+Q10*$Q$5+R10*$R$5+U10*$U$5+S10*$S$5+$T$5*T10)*$G10 -> 0 | X10: =ROUNDDOWN($W10,-3) -> 0
A11: =ROW()-6 -> 5 | V11: =SUM($L11:$U11) -> 0 | W11: =(L11*$L$5+M11*$M$5+N11*$N$5+O11*$O$5+P11*$P$5+Q11*$Q$5+R11*$R$5+U11*$U$5+S11*$S$5+$T$5*T11)*$G11 -> 0 | X11: =ROUNDDOWN($W11,-3) -> 0
A12: =ROW()-6 -> 6 | V12: =SUM($L12:$U12) -> 0 | W12: =(L12*$L$5+M12*$M$5+N12*$N$5+O12*$O$5+P12*$P$5+Q12*$Q$5+R12*$R$5+U12*$U$5+S12*$S$5+$T$5*T12)*$G12 -> 0 | X12: =ROUNDDOWN($W12,-3) -> 0
A13: =ROW()-6 -> 7 | V13: =SUM($L13:$U13) -> 0 | W13: =(L13*$L$5+M13*$M$5+N13*$N$5+O13*$O$5+P13*$P$5+Q13*$Q$5+R13*$R$5+U13*$U$5+S13*$S$5+$T$5*T13)*$G13 -> 0 | X13: =ROUNDDOWN($W13,-3) -> 0
W14: 합계 | X14: =SUM(X7:X13) -> 0
Q17: ㈜텍스타
D18: coment : | Q18: YYYY-MM-DD
Q19: 생산부장 황 성문

Sheet Sheet1
