Workbook
Name a: [1]ISA3월!$D$16135
Name Visual_FoxPro_Tables_Query: 기계!#REF!
Name Visual_FoxPro_Tables_Query_1: 기계!#REF!
Name Visual_FoxPro_Tables_Query_2: 기계!#REF!
Name Visual_FoxPro_Tables_Query_3: 기계!#REF!

Sheet 견적서
B1: 견 적 서
B4: 회사명㈜ 귀중
B5: 담당자 : 대상업체 담당자 직위 | F5: 대표자 : 김종호 대표이사 (인)
B6: 부 서 : 구매팀 | F6: 사업자등록번호 : 000-00-00000
B7: 제출일자 : 2026.06.02 | F7: 주소 : 경남 진주시 뿌리산단로 15번길24
B8: 사업명 : 사업명 | F8: 전화번호 : 055-761-3767
B9: 아래와 같이 견적합니다. | F9: 담당자 : 김병환 이사
B15: No | C15: 품번 | E15: 품명 | G15: 견적단가
B16: =ROW()-15 -> 1 | C16: =기계!$B7 -> DN40-WH0170L | E16: =기계!$C7 -> 브래킷, 더미탄두용 | G16: =기계!$V7 -> 230000
B17: =ROW()-15 -> 2 | C17: =기계!$B8 -> DN40-WH0108L | E17: =기계!$C8 -> 더미중량, 추가용 | G17: =기계!$V8 -> 220000
B18: =ROW()-15 -> 3 | C18: =기계!$B9 -> DN40-MF0874L | E18: =기계!$C9 -> 가이드 블록 | G18: =기계!$V9 -> 165000
B19: =ROW()-15 -> 4 | C19: =기계!$B10 -> DN40-MF0882L | E19: =기계!$C10 -> 가이드 블록 | G19: =기계!$V10 -> 173000
B20: =ROW()-15 -> 5 | C20: =기계!$B11 -> DN40-IC0025L | E20: =기계!$C11 -> 브래킷, 간격유지용 | G20: =기계!$V11 -> 60000
B21: =ROW()-15 -> 6 | C21: =기계!$B12 -> DN40-IC0026L | E21: =기계!$C12 -> 간격유지기 | G21: =기계!$V12 -> 77000
B22: =ROW()-15 -> 7 | C22: =기계!$B13 -> DN40-MW0103H | E22: =기계!$C13 -> 고정용 브래킷, 좌현용 | G22: =기계!$V13 -> 856000
B23: =ROW()-15 -> 8 | C23: =기계!$B14 -> DN40-MW0203H | E23: =기계!$C14 -> 고정용 브래킷, 우현용 | G23: =기계!$V14 -> 856000
B24: =ROW()-15 -> 9 | C24: =기계!$B15 -> DN40-MW0116L | E24: =기계!$C15 -> 마개 | G24: =기계!$V15 -> 242000
B25: =ROW()-15 -> 10 | C25: =기계!$B16 -> DN40-NW0114L | E25: =기계!$C16 -> 축, 센서용 | G25: =기계!$V16 -> 42000
B26: =ROW()-15 -> 11 | C26: =기계!$B17 -> DN40-MW0115L | E26: =기계!$C17 -> 와셔 | G26: =기계!$V17 -> 188000
B27: =ROW()-15 -> 12 | C27: =기계!$B18 -> DN40-WH0106L | E27: =기계!$C18 -> 너트, 더미 탄두용 | G27: =기계!$V18 -> 130000
... B30: =ROW()-15 -> 15 | C30: =기계!$B21 -> DN40-MF0883L | E30: =기계!$C21 -> 위치핀, 탄두지지용 | G30: =기계!$V21 -> 92000
B31: 합계 | G31: =기계!V23 -> 3540000

Sheet 기계
A1: 제목 : 견적 제출 건
A2: 아래와 같이 최종견적 선정합니다.
K5: 70000 | L5: 50000 | M5: 40000 | N5: 35000 | O5: 20000 | P5: 15600 | Q5: 30000 | R5: 35000 | S5: 35000
A6: NO | B6: 품번 | C6: 품명 | D6: Coment | E6: 가능여부 | F6: Qty | G6: Material | H6: Size | K6: 5축 NC | L6: 4축 | M6: 3축 NC | N6: NC 선반 | O6: 범용 | P6: 사상 | Q6: CMM | R6: 연삭 or 와이어 | S6: 프로그램 및치구 | T6: SUM | U6: 단가 | V6: 최종단가
A7: =ROW()-6 -> 1 | B7: DN40-WH0170L | C7: 브래킷, 더미탄두용 | F7: 1 | G7: SS275 | H7: 35 | I7: 55 | J7: 80 | K7: 2 | M7: 0 | O7: 0.5 | P7: 1 | Q7: 1 | S7: 1 | T7: =SUM($K7:$S7) -> 5.5 | U7: =(K7*$K$5+L7*$L$5+M7*$M$5+N7*$N$5+O7*$O$5+P7*$P$5+Q7*$Q$5+S7*$S$5+R7*$R$5)*$F7 -> 230600 | V7: =ROUNDDOWN($U7,-3) -> 230000
A8: =ROW()-6 -> 2 | B8: DN40-WH0108L | C8: 더미중량, 추가용 | D8: 치구 재작필요 | F8: 1 | G8: SS275 | H8: 12 | I8: 300 | J8: 300 | M8: 3 | O8: 1 | P8: 1 | Q8: 1 | S8: 1 | T8: =SUM($K8:$S8) -> 7 | U8: =(K8*$K$5+L8*$L$5+M8*$M$5+N8*$N$5+O8*$O$5+P8*$P$5+Q8*$Q$5+S8*$S$5+R8*$R$5)*$F8 -> 220600 | V8: =ROUNDDOWN($U8,-3) -> 220000
A9: =ROW()-6 -> 3 | B9: DN40-MF0874L | C9: 가이드 블록 | D9: 정밀공차 / 연마공정필요 | E9: 연마공정필요 | F9: 1 | G9: STS630 | H9: 10 | I9: 15 | J9: 55 | M9: 1 | O9: 0.5 | P9: 1 | Q9: 1 | R9: 1 | S9: 1 | T9: =SUM($K9:$S9) -> 5.5 | U9: =(K9*$K$5+L9*$L$5+M9*$M$5+N9*$N$5+O9*$O$5+P9*$P$5+Q9*$Q$5+S9*$S$5+R9*$R$5)*$F9 -> 165600 | V9: =ROUNDDOWN($U9,-3) -> 165000
A10: =ROW()-6 -> 4 | B10: DN40-MF0882L | C10: 가이드 블록 | D10: 정밀공차 / 연마공정필요 | E10: 연마공정필요 | F10: 1 | G10: STS630 | H10: 10 | I10: 18 | J10: 55 | M10: 1.2 | O10: 0.5 | P10: 1 | Q10: 1 | R10: 1 | S10: 1 | T10: =SUM($K10:$S10) -> 5.7 | U10: =(K10*$K$5+L10*$L$5+M10*$M$5+N10*$N$5+O10*$O$5+P10*$P$5+Q10*$Q$5+S10*$S$5+R10*$R$5)*$F10 -> 173600 | V10: =ROUNDDOWN($U10,-3) -> 173000
A11: =ROW()-6 -> 5 | B11: DN40-IC0025L | C11: 브래킷, 간격유지용 | D11: 치구 재작필요 | F11: 1 | G11: AL2024-T3 [시트] | H11: 2.54 | I11: 42 | J11: 42 | M11: 0.5 | P11: 0.5 | Q11: 0.5 | S11: 0.5 | T11: =SUM($K11:$S11) -> 2 | U11: =(K11*$K$5+L11*$L$5+M11*$M$5+N11*$N$5+O11*$O$5+P11*$P$5+Q11*$Q$5+S11*$S$5+R11*$R$5)*$F11 -> 60300 | V11: =ROUNDDOWN($U11,-3) -> 60000
A12: =ROW()-6 -> 6 | B12: DN40-IC0026L | C12: 간격유지기 | D12: 치구 재작필요 | F12: 1 | G12: STS304[시트] | H12: 0.3 | I12: 42 | J12: 42 | M12: 0.5 | P12: 0.5 | Q12: 0.5 | S12: 1 | T12: =SUM($K12:$S12) -> 2.5 | U12: =(K12*$K$5+L12*$L$5+M12*$M$5+N12*$N$5+O12*$O$5+P12*$P$5+Q12*$Q$5+S12*$S$5+R12*$R$5)*$F12 -> 77800 | V12: =ROUNDDOWN($U12,-3) -> 77000
A13: =ROW()-6 -> 7 | B13: DN40-MW0103H | C13: 고정용 브래킷, 좌현용 | D13: 소재 치수 모델필요 | E13: [임시 스톡사이즈] | F13: 1 | G13: STD61 | H13: 65 | I13: 100 | J13: 220 | K13: 10 | M13: 0.5 | O13: 0.5 | P13: 2 | Q13: 2 | S13: 1 | T13: =SUM($K13:$S13) -> 16 | U13: =(K13*$K$5+L13*$L$5+M13*$M$5+N13*$N$5+O13*$O$5+P13*$P$5+Q13*$Q$5+S13*$S$5+R13*$R$5)*$F13 -> 856200 | V13: =ROUNDDOWN($U13,-3) -> 856000
A14: =ROW()-6 -> 8 | B14: DN40-MW0203H | C14: 고정용 브래킷, 우현용 | D14: 소재 치수 모델필요 | E14: [임시 스톡사이즈] | F14: 1 | G14: STD61 | H14: 65 | I14: 100 | J14: 220 | K14: 10 | M14: 0.5 | O14: 0.5 | P14: 2 | Q14: 2 | S14: 1 | T14: =SUM($K14:$S14) -> 16 | U14: =(K14*$K$5+L14*$L$5+M14*$M$5+N14*$N$5+O14*$O$5+P14*$P$5+Q14*$Q$5+S14*$S$5+R14*$R$5)*$F14 -> 856200 | V14: =ROUNDDOWN($U14,-3) -> 856000
A15: =ROW()-6 -> 9 | B15: DN40-MW0116L | C15: 마개 | F15: 1 | G15: PEEK | H15: 20 | I15: 250 | J15: 250 | M15: 4 | O15: 0.5 | P15: 0.5 | Q15: 1 | S15: 1 | T15: =SUM($K15:$S15) -> 7 | U15: =(K15*$K$5+L15*$L$5+M15*$M$5+N15*$N$5+O15*$O$5+P15*$P$5+Q15*$Q$5+S15*$S$5+R15*$R$5)*$F15 -> 242800 | V15: =ROUNDDOWN($U15,-3) -> 242000
A16: =ROW()-6 -> 10 | B16: DN40-NW0114L | C16: 축, 센서용 | E16: NC 선반 | F16: 1 | G16: STS630 | H16: 30 | J16: 55 | N16: 0.5 | P16: 0.5 | S16: 0.5 | T16: =SUM($K16:$S16) -> 1.5 | U16: =(K16*$K$5+L16*$L$5+M16*$M$5+N16*$N$5+O16*$O$5+P16*$P$5+Q16*$Q$5+S16*$S$5+R16*$R$5)*$F16 -> 42800 | V16: =ROUNDDOWN($U16,-3) -> 42000
A17: =ROW()-6 -> 11 | B17: DN40-MW0115L | C17: 와셔 | D17: 스페이셜 관리 필요 [ 레이저 후 연마 OR 가공후 연마] | E17: 연마공정필요 / 전용 치구재작 | F17: 1 | G17: STS630 | H17: 1.5 | I17: 210 | J17: 210 | M17: 1.5 | P17: 1.5 | R17: 2 | S17: 1 | T17: =SUM($K17:$S17) -> 6 | U17: =(K17*$K$5+L17*$L$5+M17*$M$5+N17*$N$5+O17*$O$5+P17*$P$5+Q17*$Q$5+S17*$S$5+R17*$R$5)*$F17 -> 188400 | V17: =ROUNDDOWN($U17,-3) -> 188000
A18: =ROW()-6 -> 12 | B18: DN40-WH0106L | C18: 너트, 더미 탄두용 | D18: NC선반 후 MCT | E18: M135-P3.0 나사 | F18: 1 | G18: SM45C | H18: 145 | J18: 85 | M18: 0.5 | N18: 1.5 | P18: 0.5 | Q18: 0.5 | S18: 1 | T18: =SUM($K18:$S18) -> 4 | U18: =(K18*$K$5+L18*$L$5+M18*$M$5+N18*$N$5+O18*$O$5+P18*$P$5+Q18*$Q$5+S18*$S$5+R18*$R$5)*$F18 -> 130300 | V18: =ROUNDDOWN($U18,-3) -> 130000
A19: =ROW()-6 -> 13 | B19: DN40-MF0872L | C19: 위치핀, 탄두지지용 | D19: NC선반 후 MCT OR 턴밀 완가공 | E19: 1-12UNF-3A | F19: 1 | G19: STS630 | H19: 25 | J19: 85 | N19: 1 | P19: 0.5 | Q19: 0.5 | S19: 1 | T19: =SUM($K19:$S19) -> 3 | U19: =(K19*$K$5+L19*$L$5+M19*$M$5+N19*$N$5+O19*$O$5+P19*$P$5+Q19*$Q$5+S19*$S$5+R19*$R$5)*$F19 -> 92800 | V19: =ROUNDDOWN($U19,-3) -> 92000
A20: =ROW()-6 -> 14 | B20: DN40-MF0873L | C20: 핀, 탄두지지용 | D20: NC선반 후 MCT OR 턴밀 완가공 | E20: 5/16-24UNF-3A 추가 방전 필요 | F20: 1 | G20: STS630 | H20: 25 | J20: 45 | N20: 0.7 | P20: 0.5 | Q20: 0.5 | R20: 1 | S20: 1 | T20: =SUM($K20:$S20) -> 3.7 | U20: =(K20*$K$5+L20*$L$5+M20*$M$5+N20*$N$5+O20*$O$5+P20*$P$5+Q20*$Q$5+S20*$S$5+R20*$R$5)*$F20 -> 117300 | V20: =ROUNDDOWN($U20,-3) -> 117000
A21: =ROW()-6 -> 15 | B21: DN40-MF0883L | C21: 위치핀, 탄두지지용 | D21: NC선반 후 MCT OR 턴밀 완가공 | E21: 1-12UNF-3A | F21: 1 | G21: STS630 | H21: 25 | J21: 85 | N21: 1 | P21: 0.5 | Q21: 0.5 | S21: 1 | T21: =SUM($K21:$S21) -> 3 | U21: =(K21*$K$5+L21*$L$5+M21*$M$5+N21*$N$5+O21*$O$5+P21*$P$5+Q21*$Q$5+S21*$S$5+R21*$R$5)*$F21 -> 92800 | V21: =ROUNDDOWN($U21,-3) -> 92000
A22: =ROW()-6 -> 16 | T22: =SUM($K22:$S22) -> 0 | U22: =(K22*$K$5+L22*$L$5+M22*$M$5+N22*$N$5+O22*$O$5+P22*$P$5+Q22*$Q$5+S22*$S$5+R22*$R$5)*$F22 -> 0 | V22: =ROUNDDOWN($U22,-3) -> 0
U23: 합계 | V23: =SUM(V7:V21) -> 3540000
P26: ㈜텍스타
C27: Coment : 노란색표기 부분 복합 공정 [CNC 선반 및 외주 가공 필요] | P27: 46191
P28: 생산부장 황 성문

Sheet Sheet1
