Workbook
Name a: [1]ISA3월!$D$16135
Name Visual_FoxPro_Tables_Query: 기계!#REF!
Name Visual_FoxPro_Tables_Query_1: 기계!#REF!
Name Visual_FoxPro_Tables_Query_2: 기계!#REF!
Name Visual_FoxPro_Tables_Query_3: 기계!#REF!

Sheet 견적서
B1: 견 적 서
B4: 회사명㈜ 귀중
B5: 담당자 : 대상업체 담당자 직위 | F5: 대표자 : 김종호 대표이사 (인)
B6: 부 서 : 구매팀 | F6: 사업자등록번호 : 000-00-00000
B7: =기계!P21 | F7: 주소 : 경남 진주시 뿌리산단로 15번길24
B8: 사업명 : 사업명 | F8: 전화번호 : 055-761-3767
B9: 아래와 같이 견적합니다. | F9: 담당자 : 김병환 이사
B14: No | C14: 품 번 | E14: 품 명 | G14: 견적 단가
B15: =ROW()-14 | C15: =기계!$B7 | E15: =기계!$C7 | G15: =기계!$W7
B16: =ROW()-14 | C16: =기계!$B8 | E16: =기계!$C8 | G16: =기계!$W8
B17: =ROW()-14 | C17: =기계!$B9 | E17: =기계!$C9 | G17: =기계!$W9
B18: =ROW()-14 | C18: =기계!$B10 | E18: =기계!$C10 | G18: =기계!$W10
B19: =ROW()-14 | C19: =기계!$B11 | E19: =기계!$C11 | G19: =기계!$W11
B20: =ROW()-14 | C20: =기계!$B12 | E20: =기계!$C12 | G20: =기계!$W12
B21: =ROW()-14 | C21: =기계!$B13 | E21: =기계!$C16 | G21: =기계!$W16
B22: =ROW()-14 | C22: =기계!#REF! | E22: =기계!#REF! | G22: =기계!#REF!
B23: =ROW()-14 | C23: =기계!#REF! | E23: =기계!#REF! | G23: =기계!#REF!
B24: =ROW()-14 | C24: =기계!#REF! | E24: =기계!#REF! | G24: =기계!#REF!
B25: =ROW()-14 | C25: =기계!#REF! | E25: =기계!#REF! | G25: =기계!#REF!
B26: =ROW()-14 | C26: =기계!#REF! | E26: =기계!#REF! | G26: =기계!#REF!
B27: =ROW()-14 | C27: =기계!#REF! | E27: =기계!#REF! | G27: =기계!#REF!
B28: =ROW()-14 | C28: =기계!#REF! | E28: =기계!#REF! | G28: =기계!#REF!
B29: =ROW()-14 | C29: =기계!#REF! | E29: =기계!#REF! | G29: =기계!#REF!
B30: =ROW()-14 | C30: =기계!#REF! | E30: =기계!#REF! | G30: =기계!#REF!
B31: =ROW()-14 | C31: =기계!#REF! | E31: =기계!#REF! | G31: =기계!#REF!
B32: =ROW()-14 | C32: =기계!#REF! | E32: =기계!#REF! | G32: =기계!#REF!
B33: =ROW()-14 | C33: =기계!#REF! | E33: =기계!#REF! | G33: =기계!#REF!
... B56: =ROW()-14 | C56: =기계!#REF! | E56: =기계!#REF! | G56: =기계!#REF!
B57: 합 계 | G57: =기계!$W17

Sheet 기계
A1: 제목 : 견적 제출 건
A2: 아래와 같이 최종견적 선정합니다.
K5: 70000 | L5: 50000 | M5: 40000 | N5: 35000 | O5: 20000 | P5: 15600 | Q5: 30000 | R5: 35000 | S5: 35000 | T5: 35000
A6: NO | B6: 품번 | C6: 품명 | D6: Coment | E6: 가능여부 | F6: Qty | G6: Material | H6: Size | K6: 5축 NC | L6: 4축 | M6: 3축 NC | N6: NC 선반 | O6: 범용 | P6: 사상 | Q6: CMM | R6: 연삭 or 와이어 | S6: 치구 | T6: 프로그램 | U6: SUM | V6: 단가 | W6: 최종단가
A7: =ROW()-6 | B7: 82061818 | C7: 몸체 1 | D7: HRc 38-42 | F7: 1 | G7: SCM 440 KS D 3867 | H7: 50 | I7: 135 | J7: 210 | K7: 5 | M7: 2 | O7: 0.5 | P7: 0.5 | Q7: 0.5 | S7: 1 | T7: 0.5 | U7: =SUM($K7:$T7) | V7: =(K7*$K$5+L7*$L$5+M7*$M$5+N7*$N$5+O7*$O$5+P7*$P$5+Q7*$Q$5+T7*$T$5+R7*$R$5+$S$5*S7)*$F7 | W7: =ROUNDDOWN($V7,-3)
A8: =ROW()-6 | B8: 82061819 | C8: 몸체 2 | D8: HRc 38-42 | F8: 1 | G8: SCM 440 KS D 3867 | H8: 55 | I8: 195 | J8: 300 | K8: 7 | M8: 2 | O8: 0.5 | P8: 0.5 | Q8: 0.5 | S8: 1.5 | T8: 0.5 | U8: =SUM($K8:$T8) | V8: =(K8*$K$5+L8*$L$5+M8*$M$5+N8*$N$5+O8*$O$5+P8*$P$5+Q8*$Q$5+T8*$T$5+R8*$R$5+$S$5*S8)*$F8 | W8: =ROUNDDOWN($V8,-3)
A9: =ROW()-6 | B9: 82061820 | C9: 몸체 3 | D9: HRc 38-42 | F9: 1 | G9: SCM 440 KS D 3867 | H9: 55 | I9: 195 | J9: 300 | K9: 7 | M9: 2 | O9: 0.5 | P9: 0.5 | Q9: 0.5 | S9: 1.5 | T9: 0.5 | U9: =SUM($K9:$T9) | V9: =(K9*$K$5+L9*$L$5+M9*$M$5+N9*$N$5+O9*$O$5+P9*$P$5+Q9*$Q$5+T9*$T$5+R9*$R$5+$S$5*S9)*$F9 | W9: =ROUNDDOWN($V9,-3)
A10: =ROW()-6 | B10: 82061814 | C10: 레버 1 | D10: HRc 35-40 | E10: Ø14.05 REAMER Ø4. F.EM LONG TYPE | F10: 1 | G10: STS630 KS D 3698 | H10: 115 | J10: 155 | K10: 7 | M10: 3 | O10: 0.5 | P10: 0.5 | Q10: 0.5 | T10: 0.5 | U10: =SUM($K10:$T10) | V10: =(K10*$K$5+L10*$L$5+M10*$M$5+N10*$N$5+O10*$O$5+P10*$P$5+Q10*$Q$5+T10*$T$5+R10*$R$5+$S$5*S10)*$F10 | W10: =ROUNDDOWN($V10,-3)
A11: =ROW()-6 | B11: 82061815 | C11: 레버 2 | D11: HRc 35-40 | F11: 1 | G11: STS630 KS D 3698 | H11: 65 | J11: 145 | K11: 2.5 | M11: 1.5 | O11: 0.5 | P11: 0.5 | Q11: 0.5 | T11: 0.5 | U11: =SUM($K11:$T11) | V11: =(K11*$K$5+L11*$L$5+M11*$M$5+N11*$N$5+O11*$O$5+P11*$P$5+Q11*$Q$5+T11*$T$5+R11*$R$5+$S$5*S11)*$F11 | W11: =ROUNDDOWN($V11,-3)
A12: =ROW()-6 | B12: 82061815 | C12: 레버 3 | D12: HRc 35-40 | F12: 1 | G12: STS630 KS D 3698 | H12: 90 | J12: 25 | K12: 2 | M12: 0.5 | O12: 0.5 | P12: 0.5 | Q12: 0.5 | T12: 0.5 | U12: =SUM($K12:$T12) | V12: =(K12*$K$5+L12*$L$5+M12*$M$5+N12*$N$5+O12*$O$5+P12*$P$5+Q12*$Q$5+T12*$T$5+R12*$R$5+$S$5*S12)*$F12 | W12: =ROUNDDOWN($V12,-3)
A13: =ROW()-6 | U13: =SUM($K13:$T13) | V13: =(K13*$K$5+L13*$L$5+M13*$M$5+N13*$N$5+O13*$O$5+P13*$P$5+Q13*$Q$5+T13*$T$5+R13*$R$5+$S$5*S13)*$F13 | W13: =ROUNDDOWN($V13,-3)
A14: =ROW()-6 | U14: =SUM($K14:$T14) | V14: =(K14*$K$5+L14*$L$5+M14*$M$5+N14*$N$5+O14*$O$5+P14*$P$5+Q14*$Q$5+T14*$T$5+R14*$R$5+$S$5*S14)*$F14 | W14: =ROUNDDOWN($V14,-3)
A15: =ROW()-6 | U15: =SUM($K15:$T15) | V15: =(K15*$K$5+L15*$L$5+M15*$M$5+N15*$N$5+O15*$O$5+P15*$P$5+Q15*$Q$5+T15*$T$5+R15*$R$5+$S$5*S15)*$F15 | W15: =ROUNDDOWN($V15,-3)
A16: =ROW()-6 | M16: ㄴ | U16: =SUM($K16:$T16) | V16: =(K16*$K$5+L16*$L$5+M16*$M$5+N16*$N$5+O16*$O$5+P16*$P$5+Q16*$Q$5+T16*$T$5+R16*$R$5+$S$5*S16)*$F16 | W16: =ROUNDDOWN($V16,-3)
V17: 합계 | W17: =SUM(W7:W16)
P18: YYYY-MM-DD
P20: ㈜텍스타
C21: coment : | P21: 46219
P22: 생산부장 황 성문

Sheet Sheet1
