Workbook
Name a: [1]ISA3월!$D$16135
Name Visual_FoxPro_Tables_Query: 기계!#REF!
Name Visual_FoxPro_Tables_Query_1: 기계!#REF!
Name Visual_FoxPro_Tables_Query_2: 기계!#REF!
Name Visual_FoxPro_Tables_Query_3: 기계!#REF!

Sheet 견적서
B1: 견 적 서
B4: 회사명㈜ 귀중
B5: 담당자 : 대상업체 담당자 직위 | F5: 대표자 : 김종호 대표이사 (인)
B6: 부 서 : 구매팀 | F6: 사업자등록번호 : 000-00-00000
B7: 제출일자 : 2026.06.02 | F7: 주소 : 경남 진주시 뿌리산단로 15번길24
B8: 사업명 : 사업명 | F8: 전화번호 : 055-761-3767
B9: 아래와 같이 견적합니다. | F9: 담당자 : 김병환 이사
B14: No | C14: 품 번 | E14: 품 명 | G14: 견적 단가
B15: =ROW()-14 -> 1 | C15: =기계!$B7 -> K10M41015 | E15: =기계!$C7 -> 바닥판 구조물 | G15: =기계!$V7 -> 3382000
B16: =ROW()-14 -> 2 | C16: =기계!$B8 -> K10M41084 | E16: =기계!$C8 -> 바닥판 구조물 | G16: =기계!$V8 -> 3382000
B17: =ROW()-14 -> 3 | C17: =기계!$B9 -> K10M42243 | E17: =기계!$C9 -> 상부 지지대, 케이블용 | G17: =기계!$V9 -> 308000
B18: =ROW()-14 -> 4 | C18: =기계!$B10 -> K10M42487 | E18: =기계!$C10 -> 블록, 고정용 | G18: =기계!$V10 -> 36000
B19: =ROW()-14 -> 5 | C19: =기계!$B11 -> K10M42545 | E19: =기계!$C11 -> 브래킷, 설치용 | G19: =기계!$V11 -> 1537000
B20: =ROW()-14 -> 6 | C20: =기계!$B12 -> K10M43009 | E20: =기계!$C12 -> 블록, 이송용 | G20: =기계!$V12 -> 3081000
B21: 합 계 | G21: =기계!$V13 -> 11726000

Sheet 기계
A1: 제목 : 견적 제출 건
A2: 아래와 같이 최종견적 선정합니다.
K5: 70000 | L5: 50000 | M5: 40000 | N5: 35000 | O5: 20000 | P5: 15600 | Q5: 30000 | R5: 35000 | S5: 35000
A6: NO | B6: 품번 | C6: 품명 | D6: Coment | E6: 가능여부 | F6: Qty | G6: Material | H6: Size | K6: 5축 NC | L6: 4축 | M6: 3축 NC | N6: NC 선반 | O6: 범용 | P6: 사상 | Q6: CMM | R6: 연삭 or 와이어 | S6: 프로그램 및치구 | T6: SUM | U6: 단가 | V6: 최종단가
A7: =ROW()-6 -> 1 | B7: K10M41015 | C7: 바닥판 구조물 | E7: *가공 불가 | F7: 1 | G7: AL6061P-T651 | H7: 15 | I7: 750 | J7: 1850 | K7: 40 | O7: 1 | P7: 4 | Q7: 5 | S7: 10 | T7: =SUM($K7:$S7) -> 60 | U7: =(K7*$K$5+L7*$L$5+M7*$M$5+N7*$N$5+O7*$O$5+P7*$P$5+Q7*$Q$5+S7*$S$5+R7*$R$5)*$F7 -> 3382400 | V7: =ROUNDDOWN($U7,-3) -> 3382000
A8: =ROW()-6 -> 2 | B8: K10M41084 | C8: 바닥판 구조물 | E8: *가공 불가 | F8: 1 | G8: AL6061P-T651 | H8: 15 | I8: 750 | J8: 1850 | K8: 40 | O8: 1 | P8: 4 | Q8: 5 | S8: 10 | T8: =SUM($K8:$S8) -> 60 | U8: =(K8*$K$5+L8*$L$5+M8*$M$5+N8*$N$5+O8*$O$5+P8*$P$5+Q8*$Q$5+S8*$S$5+R8*$R$5)*$F8 -> 3382400 | V8: =ROUNDDOWN($U8,-3) -> 3382000
A9: =ROW()-6 -> 3 | B9: K10M42243 | C9: 상부 지지대, 케이블용 | F9: 1 | G9: AL6061P-T651 | H9: 95 | I9: 170 | J9: 520 | K9: 4 | M9: 0.2 | O9: 0.2 | P9: 0.2 | Q9: 0.2 | S9: 0.2 | T9: =SUM($K9:$S9) -> 5 | U9: =(K9*$K$5+L9*$L$5+M9*$M$5+N9*$N$5+O9*$O$5+P9*$P$5+Q9*$Q$5+S9*$S$5+R9*$R$5)*$F9 -> 308120 | V9: =ROUNDDOWN($U9,-3) -> 308000
A10: =ROW()-6 -> 4 | B10: K10M42487 | C10: 블록, 고정용 | F10: 1 | G10: AL6061P-T651 | H10: 150 | I10: 150 | J10: 210 | M10: 0.5 | P10: 0.2 | Q10: 0.2 | S10: 0.2 | T10: =SUM($K10:$S10) -> 1.1 | U10: =(K10*$K$5+L10*$L$5+M10*$M$5+N10*$N$5+O10*$O$5+P10*$P$5+Q10*$Q$5+S10*$S$5+R10*$R$5)*$F10 -> 36120 | V10: =ROUNDDOWN($U10,-3) -> 36000
A11: =ROW()-6 -> 5 | B11: K10M42545 | C11: 브래킷, 설치용 | E11: 스페이셜 홀더 및 공구 다수 필요 *가공 불가 | F11: 1 | G11: AL6061P-T651 | H11: 75 | J11: 65 | K11: 15 | M11: 1 | O11: 0.2 | P11: 0.2 | Q11: 3 | S11: 10 | T11: =SUM($K11:$S11) -> 29.4 | U11: =(K11*$K$5+L11*$L$5+M11*$M$5+N11*$N$5+O11*$O$5+P11*$P$5+Q11*$Q$5+S11*$S$5+R11*$R$5)*$F11 -> 1537120 | V11: =ROUNDDOWN($U11,-3) -> 1537000
A12: =ROW()-6 -> 6 | B12: K10M43009 | C12: 블록, 이송용 | D12: HRc 29-35 | E12: Ø9.0홀 방전 필요 상부에 막힘 and 과도한 깊이 | F12: 1 | G12: KS D 3752 SM45C | H12: 150 | I12: 250 | J12: 520 | K12: 12 | M12: 35 | O12: 1 | P12: 2 | Q12: 3 | R12: 10 | S12: 10 | T12: =SUM($K12:$S12) -> 73 | U12: =(K12*$K$5+L12*$L$5+M12*$M$5+N12*$N$5+O12*$O$5+P12*$P$5+Q12*$Q$5+S12*$S$5+R12*$R$5)*$F12 -> 3081200 | V12: =ROUNDDOWN($U12,-3) -> 3081000
U13: 합계 | V13: =SUM(V7:V12) -> 11726000
P16: ㈜텍스타
C17: Coment : 1 2번 진공 테이블 이나 전용치구 필요T50이상, W L( 소재 크기 이상) 6번 검토 시 Ø9.0 홀 간섭 AND 과도한 깊이로 방전 필요 | P17: 46204
P18: 생산부장 황 성문

Sheet Sheet1
