Workbook
Name a: [1]ISA3월!$D$16135
Name Visual_FoxPro_Tables_Query: 기계!#REF!
Name Visual_FoxPro_Tables_Query_1: 기계!#REF!
Name Visual_FoxPro_Tables_Query_2: 기계!#REF!
Name Visual_FoxPro_Tables_Query_3: 기계!#REF!

Sheet 견적서
B1: 견 적 서
B4: 회사명㈜ 귀중
B5: 담당자 : 대상업체 담당자 직위 | F5: 대표자 : 김종호 대표이사 (인)
B6: 부 서 : 구매팀 | F6: 사업자등록번호 : 000-00-00000
B7: 제출일자 : 2026.06.02 | F7: 주소 : 경남 진주시 뿌리산단로 15번길24
B8: 사업명 : 사업명 | F8: 전화번호 : 055-761-3767
B9: 아래와 같이 견적합니다. | F9: 담당자 : 김병환 이사
B14: No | C14: 품 번 | E14: 품 명 | G14: 견적 단가
B15: =ROW()-14 -> 1 | C15: =기계!$B7 -> NT3553729 | E15: =기계!$C7 -> 손잡이, 래치용 | G15: =기계!$W7 -> 96000
B16: =ROW()-14 -> 2 | C16: =기계!$B8 -> NT3553762 | E16: =기계!$C8 -> 고정블럭 | G16: =기계!$W8 -> 71000
B17: =ROW()-14 -> 3 | C17: =기계!$B9 -> NT3553761 | E17: =기계!$C9 -> 고정 브래킷 | G17: =기계!$W9 -> 245000
B18: =ROW()-14 -> 4 | C18: =기계!$B10 -> NT3553728 | E18: =기계!$C10 -> 핀, 회전용 | G18: =기계!$W10 -> 0
B19: =ROW()-14 -> 5 | C19: =기계!$B11 -> NT3553726 | E19: =기계!$C11 -> 래치 | G19: =기계!$W11 -> 230000
B20: =ROW()-14 -> 6 | C20: =기계!$B12 -> NT3553725 | E20: =기계!$C12 -> 핀, 위치 결정용 | G20: =기계!$W12 -> 0
B21: =ROW()-14 -> 7 | C21: =기계!$B13 -> NT3553724 | E21: =기계!$C13 -> 브래킷, 래치용 | G21: =기계!$W13 -> 75000
B22: =ROW()-14 -> 8 | C22: =기계!#REF! -> #REF! | E22: =기계!#REF! -> #REF! | G22: =기계!#REF! -> #REF!
B23: =ROW()-14 -> 9 | C23: =기계!#REF! -> #REF! | E23: =기계!#REF! -> #REF! | G23: =기계!#REF! -> #REF!
B24: =ROW()-14 -> 10 | C24: =기계!#REF! -> #REF! | E24: =기계!#REF! -> #REF! | G24: =기계!#REF! -> #REF!
B25: =ROW()-14 -> 11 | C25: =기계!#REF! -> #REF! | E25: =기계!#REF! -> #REF! | G25: =기계!#REF! -> #REF!
B26: =ROW()-14 -> 12 | C26: =기계!#REF! -> #REF! | E26: =기계!#REF! -> #REF! | G26: =기계!#REF! -> #REF!
B27: =ROW()-14 -> 13 | C27: =기계!#REF! -> #REF! | E27: =기계!#REF! -> #REF! | G27: =기계!#REF! -> #REF!
B28: =ROW()-14 -> 14 | C28: =기계!#REF! -> #REF! | E28: =기계!#REF! -> #REF! | G28: =기계!#REF! -> #REF!
B29: =ROW()-14 -> 15 | C29: =기계!#REF! -> #REF! | E29: =기계!#REF! -> #REF! | G29: =기계!#REF! -> #REF!
B30: =ROW()-14 -> 16 | C30: =기계!#REF! -> #REF! | E30: =기계!#REF! -> #REF! | G30: =기계!#REF! -> #REF!
B31: =ROW()-14 -> 17 | C31: =기계!#REF! -> #REF! | E31: =기계!#REF! -> #REF! | G31: =기계!#REF! -> #REF!
B32: =ROW()-14 -> 18 | C32: =기계!#REF! -> #REF! | E32: =기계!#REF! -> #REF! | G32: =기계!#REF! -> #REF!
B33: =ROW()-14 -> 19 | C33: =기계!#REF! -> #REF! | E33: =기계!#REF! -> #REF! | G33: =기계!#REF! -> #REF!
... B56: =ROW()-14 -> 42 | C56: =기계!#REF! -> #REF! | E56: =기계!#REF! -> #REF! | G56: =기계!#REF! -> #REF!
B57: 합 계 | G57: =기계!$W14 -> 717000

Sheet 기계
A1: 제목 : 견적 제출 건
A2: 아래와 같이 최종견적 선정합니다.
K5: 70000 | L5: 50000 | M5: 40000 | N5: 35000 | O5: 20000 | P5: 15600 | Q5: 30000 | R5: 35000 | S5: 35000 | T5: 35000
A6: NO | B6: 품번 | C6: 품명 | D6: Coment | E6: 가능여부 | F6: Qty | G6: Material | H6: Size | K6: 5축 NC | L6: 4축 | M6: 3축 NC | N6: NC 선반 | O6: 범용 | P6: 사상 | Q6: CMM | R6: 연삭 or 와이어 | S6: 치구 | T6: 프로그램 | U6: SUM | V6: 단가 | W6: 최종단가
A7: =ROW()-6 -> 1 | B7: NT3553729 | C7: 손잡이, 래치용 | E7: 밴딩 가공 확인 필용 자재 2T | F7: 1 | G7: KS D 3698 STS 2T | H7: 12 | I7: 65 | J7: 125 | K7: 0.5 | O7: 0.5 | P7: 0.2 | Q7: 0.2 | S7: 1 | T7: 0.2 | U7: =SUM($K7:$T7) -> 2.6 | V7: =(K7*$K$5+L7*$L$5+M7*$M$5+N7*$N$5+O7*$O$5+P7*$P$5+Q7*$Q$5+T7*$T$5+R7*$R$5+$S$5*S7)*$F7 -> 96120 | W7: =ROUNDDOWN($V7,-3) -> 96000
A8: =ROW()-6 -> 2 | B8: NT3553762 | C8: 고정블럭 | D8: HRc18-24 | F8: 1 | G8: KS D 3752, SM45C | H8: 10 | I8: 80 | J8: 195 | K8: 0.5 | O8: 0.5 | P8: 0.2 | Q8: 0.2 | T8: 0.5 | U8: =SUM($K8:$T8) -> 1.9 | V8: =(K8*$K$5+L8*$L$5+M8*$M$5+N8*$N$5+O8*$O$5+P8*$P$5+Q8*$Q$5+T8*$T$5+R8*$R$5+$S$5*S8)*$F8 -> 71620 | W8: =ROUNDDOWN($V8,-3) -> 71000
A9: =ROW()-6 -> 3 | B9: NT3553761 | C9: 고정 브래킷 | D9: HRc18-24 | F9: 1 | G9: KS D 3752, SM45C | H9: 80 | I9: 145 | J9: 145 | K9: 2 | M9: 0.5 | O9: 0.5 | P9: 0.5 | Q9: 0.5 | S9: 1 | T9: 0.5 | U9: =SUM($K9:$T9) -> 5.5 | V9: =(K9*$K$5+L9*$L$5+M9*$M$5+N9*$N$5+O9*$O$5+P9*$P$5+Q9*$Q$5+T9*$T$5+R9*$R$5+$S$5*S9)*$F9 -> 245300 | W9: =ROUNDDOWN($V9,-3) -> 245000
A10: =ROW()-6 -> 4 | B10: NT3553728 | C10: 핀, 회전용 | D10: HRc28-32 | E10: CNC 선반 | F10: 1 | G10: KS D 3867, SCM440 | U10: =SUM($K10:$T10) -> 0 | V10: =(K10*$K$5+L10*$L$5+M10*$M$5+N10*$N$5+O10*$O$5+P10*$P$5+Q10*$Q$5+T10*$T$5+R10*$R$5+$S$5*S10)*$F10 -> 0 | W10: =ROUNDDOWN($V10,-3) -> 0
A11: =ROW()-6 -> 5 | B11: NT3553726 | C11: 래치 | D11: HRc18-24 | E11: 표시 부 최소 R데이터 따라 방전 가공 필요 | F11: 1 | G11: KS D 3752, SM45C | H11: 15 | I11: 45 | J11: 65 | K11: 1 | M11: 1 | O11: 0.5 | P11: 0.5 | Q11: 0.5 | R11: 2 | T11: 0.5 | U11: =SUM($K11:$T11) -> 6 | V11: =(K11*$K$5+L11*$L$5+M11*$M$5+N11*$N$5+O11*$O$5+P11*$P$5+Q11*$Q$5+T11*$T$5+R11*$R$5+$S$5*S11)*$F11 -> 230300 | W11: =ROUNDDOWN($V11,-3) -> 230000
A12: =ROW()-6 -> 6 | B12: NT3553725 | C12: 핀, 위치 결정용 | D12: HRc18-24 | E12: CNC 선반 | F12: 1 | U12: =SUM($K12:$T12) -> 0 | V12: =(K12*$K$5+L12*$L$5+M12*$M$5+N12*$N$5+O12*$O$5+P12*$P$5+Q12*$Q$5+T12*$T$5+R12*$R$5+$S$5*S12)*$F12 -> 0 | W12: =ROUNDDOWN($V12,-3) -> 0
A13: =ROW()-6 -> 7 | B13: NT3553724 | C13: 브래킷, 래치용 | F13: 1 | G13: KS D 37505, STS304 | H13: 19 | I13: 50 | J13: 70 | K13: 0.5 | M13: 0.5 | O13: 0.2 | P13: 0.2 | Q13: 0.2 | T13: 0.2 | U13: =SUM($K13:$T13) -> 1.8 | V13: =(K13*$K$5+L13*$L$5+M13*$M$5+N13*$N$5+O13*$O$5+P13*$P$5+Q13*$Q$5+T13*$T$5+R13*$R$5+$S$5*S13)*$F13 -> 75120 | W13: =ROUNDDOWN($V13,-3) -> 75000
V14: 합계 | W14: =SUM(W7:W13) -> 717000
P17: ㈜텍스타
C18: Coment : 1번 밴딩 제품 및 가공 확인 필요, 4, 6번 선반 제품 | P18: 46209
P19: 생산부장 황 성문

Sheet Sheet1
